<?xml version="1.0" encoding="UTF-8" standalone="yes"?>
<manifest>
  <control namespace="Hamwi" constructor="CountryCitySelector" version="0.0.10" display-name-key="CountryCitySelector" description-key="CountryCitySelector description" control-type="standard" api-version="1.2.1">
    <property name="Country" display-name-key="Country" description-key="Country" of-type="SingleLine.Text" usage="bound" required="true"/>
    <property name="City" display-name-key="City" description-key="City" of-type="SingleLine.Text" usage="bound" required="true"/>
    <resources>
      <code path="bundle.js" order="1"/>
    </resources>
    <built-by name="pac" version="1.2.6"/>
  </control>
</manifest>