<?xml version="1.0" encoding="utf-8"?><ImportExportXml version="9.1.0.643" SolutionPackageVersion="9.1" languagecode="1033" generatedBy="CrmLive" xmlns:xsi="http://www.w3.org/2001/XMLSchema-instance"><SolutionManifest><!-- Unique Name of Cds Solution--><UniqueName>CountryCitySelector</UniqueName><LocalizedNames><!-- Localized Solution Name in language code --><LocalizedName description="Country City Selector" languagecode="1033" /></LocalizedNames><Descriptions /><Version>1.0.0.6</Version><!-- Solution Package Type: Unmanaged(0)/Managed(1)/Both(2)--><Managed>0</Managed><Publisher><!-- Unique Publisher Name of Cds Solution --><UniqueName>Hamwi</UniqueName><LocalizedNames><!-- Localized Cds Publisher Name in language code--><LocalizedName description="Hamwi" languagecode="1033" /></LocalizedNames><Descriptions><!-- Description of Cds Publisher in language code --><Description description="Hamwi" languagecode="1033" /></Descriptions><EMailAddress xsi:nil="true"></EMailAddress><SupportingWebsiteUrl xsi:nil="true"></SupportingWebsiteUrl><!-- Customization Prefix for the Cds Publisher--><CustomizationPrefix>ha</CustomizationPrefix><!-- Derived Option Value Prefix for the Customization Prefix of Cds Publisher --><CustomizationOptionValuePrefix>56017</CustomizationOptionValuePrefix><Addresses><!-- Address of the Publisher--><Address><AddressNumber>1</AddressNumber><AddressTypeCode>1</AddressTypeCode><City xsi:nil="true"></City><County xsi:nil="true"></County><Country xsi:nil="true"></Country><Fax xsi:nil="true"></Fax><FreightTermsCode xsi:nil="true"></FreightTermsCode><ImportSequenceNumber xsi:nil="true"></ImportSequenceNumber><Latitude xsi:nil="true"></Latitude><Line1 xsi:nil="true"></Line1><Line2 xsi:nil="true"></Line2><Line3 xsi:nil="true"></Line3><Longitude xsi:nil="true"></Longitude><Name xsi:nil="true"></Name><PostalCode xsi:nil="true"></PostalCode><PostOfficeBox xsi:nil="true"></PostOfficeBox><PrimaryContactName xsi:nil="true"></PrimaryContactName><ShippingMethodCode>1</ShippingMethodCode><StateOrProvince xsi:nil="true"></StateOrProvince><Telephone1 xsi:nil="true"></Telephone1><Telephone2 xsi:nil="true"></Telephone2><Telephone3 xsi:nil="true"></Telephone3><TimeZoneRuleVersionNumber xsi:nil="true"></TimeZoneRuleVersionNumber><UPSZone xsi:nil="true"></UPSZone><UTCOffset xsi:nil="true"></UTCOffset><UTCConversionTimeZoneCode xsi:nil="true"></UTCConversionTimeZoneCode></Address><Address><AddressNumber>2</AddressNumber><AddressTypeCode>1</AddressTypeCode><City xsi:nil="true"></City><County xsi:nil="true"></County><Country xsi:nil="true"></Country><Fax xsi:nil="true"></Fax><FreightTermsCode xsi:nil="true"></FreightTermsCode><ImportSequenceNumber xsi:nil="true"></ImportSequenceNumber><Latitude xsi:nil="true"></Latitude><Line1 xsi:nil="true"></Line1><Line2 xsi:nil="true"></Line2><Line3 xsi:nil="true"></Line3><Longitude xsi:nil="true"></Longitude><Name xsi:nil="true"></Name><PostalCode xsi:nil="true"></PostalCode><PostOfficeBox xsi:nil="true"></PostOfficeBox><PrimaryContactName xsi:nil="true"></PrimaryContactName><ShippingMethodCode>1</ShippingMethodCode><StateOrProvince xsi:nil="true"></StateOrProvince><Telephone1 xsi:nil="true"></Telephone1><Telephone2 xsi:nil="true"></Telephone2><Telephone3 xsi:nil="true"></Telephone3><TimeZoneRuleVersionNumber xsi:nil="true"></TimeZoneRuleVersionNumber><UPSZone xsi:nil="true"></UPSZone><UTCOffset xsi:nil="true"></UTCOffset><UTCConversionTimeZoneCode xsi:nil="true"></UTCConversionTimeZoneCode></Address></Addresses></Publisher><RootComponents><RootComponent type="66" schemaName="ha_Hamwi.CountryCitySelector" behavior="0" /></RootComponents><MissingDependencies /></SolutionManifest></ImportExportXml>